[
null,
{"id":1,"list":[{"code":201,"indent":0,"parameters":[0,14,8,6,0,0]},{"code":223,"indent":0,"parameters":[[0,0,0,0],60,true]},{"code":0,"indent":0,"parameters":[]}],"name":"Retornar a Empresa","switchId":1,"trigger":0},
{"id":2,"list":[{"code":231,"indent":0,"parameters":[1,"Dia",0,0,680,10,100,100,255,0]},{"code":111,"indent":0,"parameters":[1,14,0,999,4]},{"code":122,"indent":1,"parameters":[17,17,1,0,1]},{"code":111,"indent":1,"parameters":[1,17,0,10,0]},{"code":122,"indent":2,"parameters":[16,16,1,0,1]},{"code":122,"indent":2,"parameters":[17,17,0,0,0]},{"code":111,"indent":2,"parameters":[1,16,0,10,0]},{"code":122,"indent":3,"parameters":[15,15,1,0,1]},{"code":122,"indent":3,"parameters":[16,16,0,0,0]},{"code":0,"indent":3,"parameters":[]},{"code":412,"indent":2,"parameters":[]},{"code":0,"indent":2,"parameters":[]},{"code":412,"indent":1,"parameters":[]},{"code":0,"indent":1,"parameters":[]},{"code":412,"indent":0,"parameters":[]},{"code":122,"indent":0,"parameters":[14,14,1,0,1]},{"code":111,"indent":0,"parameters":[1,17,0,0,0]},{"code":231,"indent":1,"parameters":[4,"0",0,0,760,10,100,100,255,0]},{"code":0,"indent":1,"parameters":[]},{"code":412,"indent":0,"parameters":[]},{"code":111,"indent":0,"parameters":[1,17,0,1,0]},{"code":231,"indent":1,"parameters":[4,"1",0,0,760,10,100,100,255,0]},{"code":0,"indent":1,"parameters":[]},{"code":412,"indent":0,"parameters":[]},{"code":111,"indent":0,"parameters":[1,17,0,2,0]},{"code":231,"indent":1,"parameters":[4,"2",0,0,760,10,100,100,255,0]},{"code":0,"indent":1,"parameters":[]},{"code":412,"indent":0,"parameters":[]},{"code":111,"indent":0,"parameters":[1,17,0,3,0]},{"code":231,"indent":1,"parameters":[4,"3",0,0,760,10,100,100,255,0]},{"code":0,"indent":1,"parameters":[]},{"code":412,"indent":0,"parameters":[]},{"code":111,"indent":0,"parameters":[1,17,0,4,0]},{"code":231,"indent":1,"parameters":[4,"4",0,0,760,10,100,100,255,0]},{"code":0,"indent":1,"parameters":[]},{"code":412,"indent":0,"parameters":[]},{"code":111,"indent":0,"parameters":[1,17,0,5,0]},{"code":231,"indent":1,"parameters":[4,"5",0,0,760,10,100,100,255,0]},{"code":0,"indent":1,"parameters":[]},{"code":412,"indent":0,"parameters":[]},{"code":111,"indent":0,"parameters":[1,17,0,6,0]},{"code":231,"indent":1,"parameters":[4,"6",0,0,760,10,100,100,255,0]},{"code":0,"indent":1,"parameters":[]},{"code":412,"indent":0,"parameters":[]},{"code":111,"indent":0,"parameters":[1,17,0,7,0]},{"code":231,"indent":1,"parameters":[4,"7",0,0,760,10,100,100,255,0]},{"code":0,"indent":1,"parameters":[]},{"code":412,"indent":0,"parameters":[]},{"code":111,"indent":0,"parameters":[1,17,0,8,0]},{"code":231,"indent":1,"parameters":[4,"8",0,0,760,10,100,100,255,0]},{"code":0,"indent":1,"parameters":[]},{"code":412,"indent":0,"parameters":[]},{"code":111,"indent":0,"parameters":[1,17,0,9,0]},{"code":231,"indent":1,"parameters":[4,"9",0,0,760,10,100,100,255,0]},{"code":0,"indent":1,"parameters":[]},{"code":412,"indent":0,"parameters":[]},{"code":111,"indent":0,"parameters":[1,16,0,0,0]},{"code":231,"indent":1,"parameters":[3,"0",0,0,745,10,100,100,255,0]},{"code":0,"indent":1,"parameters":[]},{"code":412,"indent":0,"parameters":[]},{"code":111,"indent":0,"parameters":[1,16,0,1,0]},{"code":231,"indent":1,"parameters":[3,"1",0,0,745,10,100,100,255,0]},{"code":0,"indent":1,"parameters":[]},{"code":412,"indent":0,"parameters":[]},{"code":111,"indent":0,"parameters":[1,16,0,2,0]},{"code":231,"indent":1,"parameters":[3,"2",0,0,745,10,100,100,255,0]},{"code":0,"indent":1,"parameters":[]},{"code":412,"indent":0,"parameters":[]},{"code":111,"indent":0,"parameters":[1,16,0,3,0]},{"code":231,"indent":1,"parameters":[3,"3",0,0,745,10,100,100,255,0]},{"code":0,"indent":1,"parameters":[]},{"code":412,"indent":0,"parameters":[]},{"code":111,"indent":0,"parameters":[1,16,0,4,0]},{"code":231,"indent":1,"parameters":[3,"4",0,0,745,10,100,100,255,0]},{"code":0,"indent":1,"parameters":[]},{"code":412,"indent":0,"parameters":[]},{"code":111,"indent":0,"parameters":[1,16,0,5,0]},{"code":231,"indent":1,"parameters":[3,"5",0,0,745,10,100,100,255,0]},{"code":0,"indent":1,"parameters":[]},{"code":412,"indent":0,"parameters":[]},{"code":111,"indent":0,"parameters":[1,16,0,6,0]},{"code":231,"indent":1,"parameters":[3,"6",0,0,745,10,100,100,255,0]},{"code":0,"indent":1,"parameters":[]},{"code":412,"indent":0,"parameters":[]},{"code":111,"indent":0,"parameters":[1,16,0,7,0]},{"code":231,"indent":1,"parameters":[3,"7",0,0,745,10,100,100,255,0]},{"code":0,"indent":1,"parameters":[]},{"code":412,"indent":0,"parameters":[]},{"code":111,"indent":0,"parameters":[1,16,0,8,0]},{"code":231,"indent":1,"parameters":[3,"8",0,0,745,10,100,100,255,0]},{"code":0,"indent":1,"parameters":[]},{"code":412,"indent":0,"parameters":[]},{"code":111,"indent":0,"parameters":[1,16,0,9,0]},{"code":231,"indent":1,"parameters":[3,"9",0,0,745,10,100,100,255,0]},{"code":0,"indent":1,"parameters":[]},{"code":412,"indent":0,"parameters":[]},{"code":111,"indent":0,"parameters":[1,15,0,0,0]},{"code":231,"indent":1,"parameters":[2,"0",0,0,730,10,100,100,255,0]},{"code":0,"indent":1,"parameters":[]},{"code":412,"indent":0,"parameters":[]},{"code":111,"indent":0,"parameters":[1,15,0,1,0]},{"code":231,"indent":1,"parameters":[2,"1",0,0,730,10,100,100,255,0]},{"code":0,"indent":1,"parameters":[]},{"code":412,"indent":0,"parameters":[]},{"code":111,"indent":0,"parameters":[1,15,0,2,0]},{"code":231,"indent":1,"parameters":[2,"2",0,0,730,10,100,100,255,0]},{"code":0,"indent":1,"parameters":[]},{"code":412,"indent":0,"parameters":[]},{"code":111,"indent":0,"parameters":[1,15,0,3,0]},{"code":231,"indent":1,"parameters":[2,"3",0,0,730,10,100,100,255,0]},{"code":0,"indent":1,"parameters":[]},{"code":412,"indent":0,"parameters":[]},{"code":111,"indent":0,"parameters":[1,15,0,4,0]},{"code":231,"indent":1,"parameters":[2,"4",0,0,730,10,100,100,255,0]},{"code":0,"indent":1,"parameters":[]},{"code":412,"indent":0,"parameters":[]},{"code":111,"indent":0,"parameters":[1,15,0,5,0]},{"code":231,"indent":1,"parameters":[2,"5",0,0,730,10,100,100,255,0]},{"code":0,"indent":1,"parameters":[]},{"code":412,"indent":0,"parameters":[]},{"code":111,"indent":0,"parameters":[1,15,0,6,0]},{"code":231,"indent":1,"parameters":[2,"6",0,0,730,10,100,100,255,0]},{"code":0,"indent":1,"parameters":[]},{"code":412,"indent":0,"parameters":[]},{"code":111,"indent":0,"parameters":[1,15,0,7,0]},{"code":231,"indent":1,"parameters":[2,"7",0,0,730,10,100,100,255,0]},{"code":0,"indent":1,"parameters":[]},{"code":412,"indent":0,"parameters":[]},{"code":111,"indent":0,"parameters":[1,15,0,8,0]},{"code":231,"indent":1,"parameters":[2,"8",0,0,730,10,100,100,255,0]},{"code":0,"indent":1,"parameters":[]},{"code":412,"indent":0,"parameters":[]},{"code":111,"indent":0,"parameters":[1,15,0,9,0]},{"code":231,"indent":1,"parameters":[2,"9",0,0,730,10,100,100,255,0]},{"code":0,"indent":1,"parameters":[]},{"code":412,"indent":0,"parameters":[]},{"code":230,"indent":0,"parameters":[900]},{"code":0,"indent":0,"parameters":[]}],"name":"Dia","switchId":125,"trigger":2},
{"id":3,"list":[{"code":201,"indent":0,"parameters":[0,1,13,13,0,0]},{"code":223,"indent":0,"parameters":[[0,0,0,0],60,true]},{"code":0,"indent":0,"parameters":[]}],"name":"Descansar em casa","switchId":1,"trigger":0},
{"id":4,"list":[{"code":0,"indent":0,"parameters":[]}],"name":"","switchId":1,"trigger":0}
]