[
null,
{"id":1,"expanded":true,"name":"Apartamento","order":9,"parentId":3,"scrollX":2278,"scrollY":922},
{"id":2,"expanded":false,"name":"Programação C++ - Prototipação","order":30,"parentId":28,"scrollX":2262,"scrollY":2678},
{"id":3,"expanded":true,"name":"Cidade","order":1,"parentId":0,"scrollX":2262,"scrollY":922},
{"id":4,"expanded":false,"name":"LojaDeEquipamentos","order":2,"parentId":3,"scrollX":2278,"scrollY":922},
{"id":5,"expanded":false,"name":"Taberna","order":3,"parentId":3,"scrollX":2278,"scrollY":922},
{"id":6,"expanded":false,"name":"Lanchonete","order":4,"parentId":3,"scrollX":2278,"scrollY":922},
{"id":7,"expanded":true,"name":"Inicio","order":46,"parentId":0,"scrollX":2278,"scrollY":922},
{"id":8,"expanded":false,"name":"Hotel 2 Andar","order":6,"parentId":9,"scrollX":2278,"scrollY":922},
{"id":9,"expanded":false,"name":"Hotel","order":5,"parentId":3,"scrollX":2278,"scrollY":922},
{"id":10,"expanded":false,"name":"Escolha","order":47,"parentId":7,"scrollX":819,"scrollY":461},
{"id":11,"expanded":false,"name":"SalaGerente","order":44,"parentId":12,"scrollX":2278,"scrollY":922},
{"id":12,"expanded":true,"name":"EntradaCorp","order":12,"parentId":3,"scrollX":2278,"scrollY":922},
{"id":13,"expanded":false,"name":"Recepção","order":13,"parentId":12,"scrollX":2278,"scrollY":922},
{"id":14,"expanded":true,"name":"Trabalho","order":14,"parentId":12,"scrollX":2278,"scrollY":922},
{"id":15,"expanded":false,"name":"SalaPauloMello","order":45,"parentId":12,"scrollX":2278,"scrollY":922},
{"id":16,"expanded":false,"name":"Corrida","order":48,"parentId":0,"scrollX":1439,"scrollY":747},
{"id":17,"expanded":false,"name":"Posto","order":49,"parentId":0,"scrollX":2278,"scrollY":922},
{"id":18,"expanded":false,"name":"Hotel 3 Andar","order":7,"parentId":9,"scrollX":832,"scrollY":640},
{"id":19,"expanded":false,"name":"Apartamento2","order":10,"parentId":1,"scrollX":2278,"scrollY":922},
{"id":20,"expanded":false,"name":"Apartamento3","order":11,"parentId":1,"scrollX":772,"scrollY":494.6666666666667},
{"id":21,"expanded":false,"name":"Hotel 4 Andar","order":8,"parentId":9,"scrollX":532,"scrollY":300.5},
{"id":22,"expanded":false,"name":"Documentação - Cascata","order":16,"parentId":23,"scrollX":2262,"scrollY":906},
{"id":23,"expanded":true,"name":"Plataforma - Cascata","order":15,"parentId":14,"scrollX":2278,"scrollY":922},
{"id":24,"expanded":false,"name":"Programação C++ - Cascata","order":17,"parentId":23,"scrollX":2262,"scrollY":2638},
{"id":25,"expanded":false,"name":"Teste - Cascata","order":21,"parentId":23,"scrollX":2262,"scrollY":922},
{"id":26,"expanded":false,"name":"Universidade","order":50,"parentId":0,"scrollX":2278,"scrollY":922},
{"id":27,"expanded":false,"name":"Recepção Universidade","order":51,"parentId":26,"scrollX":2278,"scrollY":922},
{"id":28,"expanded":true,"name":"Plataforma - Prototipaçao","order":24,"parentId":14,"scrollX":2278,"scrollY":922},
{"id":29,"expanded":true,"name":"Plataforma - Espiral","order":34,"parentId":14,"scrollX":2278,"scrollY":922},
{"id":30,"expanded":false,"name":"Teste - Prototipação","order":27,"parentId":28,"scrollX":2262,"scrollY":1478},
{"id":31,"expanded":false,"name":"Documentação - Espiral","order":35,"parentId":29,"scrollX":2262,"scrollY":3894},
{"id":32,"expanded":false,"name":"Programação - Prototipação","order":25,"parentId":28,"scrollX":2262,"scrollY":2678},
{"id":33,"expanded":false,"name":"Programação - Espiral","order":36,"parentId":29,"scrollX":2262,"scrollY":2678},
{"id":34,"expanded":false,"name":"Documentação - Prototipação","order":26,"parentId":28,"scrollX":2262,"scrollY":906},
{"id":35,"expanded":false,"name":"Teste - Espiral","order":37,"parentId":29,"scrollX":2262,"scrollY":1478},
{"id":36,"expanded":false,"name":"Programação Java - Cascata","order":18,"parentId":23,"scrollX":2262,"scrollY":2678},
{"id":37,"expanded":false,"name":"Programação PHP - Cascata","order":19,"parentId":23,"scrollX":816,"scrollY":2976},
{"id":38,"expanded":false,"name":"Programação JavaScript - Cascata","order":20,"parentId":23,"scrollX":816,"scrollY":2976},
{"id":39,"expanded":false,"name":"Documentação 2 - Cascata","order":22,"parentId":23,"scrollX":2262,"scrollY":906},
{"id":40,"expanded":false,"name":"Documentação 2 - Prototipação","order":28,"parentId":28,"scrollX":2262,"scrollY":906},
{"id":41,"expanded":false,"name":"Documentação 2 - Espiral","order":38,"parentId":29,"scrollX":2262,"scrollY":906},
{"id":42,"expanded":false,"name":"Documentação 3 - Cascata","order":23,"parentId":23,"scrollX":2262,"scrollY":906},
{"id":43,"expanded":false,"name":"Documentação 3 - Prototipação","order":29,"parentId":28,"scrollX":2262,"scrollY":906},
{"id":44,"expanded":false,"name":"Documentação 3 - Espiral","order":39,"parentId":29,"scrollX":2262,"scrollY":3894},
{"id":45,"expanded":false,"name":"Programação C++ - Espiral","order":40,"parentId":29,"scrollX":2262,"scrollY":2678},
{"id":46,"expanded":false,"name":"Programação Java -  Prototipação","order":31,"parentId":28,"scrollX":816,"scrollY":2960},
{"id":47,"expanded":false,"name":"Programação Java - Espiral","order":41,"parentId":29,"scrollX":816,"scrollY":2960},
{"id":48,"expanded":false,"name":"Programação PHP -  Prototipação","order":32,"parentId":28,"scrollX":816,"scrollY":2960},
{"id":49,"expanded":false,"name":"Programação PHP - Espiral","order":42,"parentId":29,"scrollX":2262,"scrollY":2678},
{"id":50,"expanded":false,"name":"Programação JavaScript - Espiral","order":43,"parentId":29,"scrollX":816,"scrollY":2960},
{"id":51,"expanded":false,"name":"Programação JavaScript - Prototipação","order":33,"parentId":28,"scrollX":816,"scrollY":2976}
]