[
null,
{"id":1,"members":[{"enemyId":13,"x":225,"y":424,"hidden":false},{"enemyId":13,"x":360,"y":364,"hidden":false}],"name":"Diagramas de Classes","pages":[{"conditions":{"actorHp":50,"actorId":1,"actorValid":false,"enemyHp":50,"enemyIndex":0,"enemyValid":false,"switchId":1,"switchValid":false,"turnA":0,"turnB":0,"turnEnding":false,"turnValid":false},"list":[{"code":0,"indent":0,"parameters":[]}],"span":0}]},
{"id":2,"members":[{"enemyId":14,"x":279,"y":444,"hidden":false},{"enemyId":14,"x":372,"y":346,"hidden":false}],"name":"Diagramas de Caso de Uso","pages":[{"conditions":{"actorHp":50,"actorId":1,"actorValid":false,"enemyHp":50,"enemyIndex":0,"enemyValid":false,"switchId":1,"switchValid":false,"turnA":0,"turnB":0,"turnEnding":false,"turnValid":false},"list":[{"code":0,"indent":0,"parameters":[]}],"span":0}]},
{"id":3,"members":[{"enemyId":15,"x":208,"y":418,"hidden":false},{"enemyId":15,"x":347,"y":334,"hidden":false}],"name":"Erros de ortografia","pages":[{"conditions":{"actorHp":50,"actorId":1,"actorValid":false,"enemyHp":50,"enemyIndex":0,"enemyValid":false,"switchId":1,"switchValid":false,"turnA":0,"turnB":0,"turnEnding":false,"turnValid":false},"list":[{"code":0,"indent":0,"parameters":[]}],"span":0}]},
{"id":4,"members":[{"enemyId":15,"x":307,"y":358,"hidden":false}],"name":"Erros de ortografia","pages":[{"conditions":{"actorHp":50,"actorId":1,"actorValid":false,"enemyHp":50,"enemyIndex":0,"enemyValid":false,"switchId":1,"switchValid":false,"turnA":0,"turnB":0,"turnEnding":false,"turnValid":false},"list":[{"code":0,"indent":0,"parameters":[]}],"span":0}]},
{"id":5,"members":[{"enemyId":15,"x":208,"y":418,"hidden":false},{"enemyId":15,"x":347,"y":334,"hidden":false},{"enemyId":15,"x":408,"y":436,"hidden":false}],"name":"Erros de ortografia","pages":[{"conditions":{"actorHp":50,"actorId":1,"actorValid":false,"enemyHp":50,"enemyIndex":0,"enemyValid":false,"switchId":1,"switchValid":false,"turnA":0,"turnB":0,"turnEnding":false,"turnValid":false},"list":[{"code":0,"indent":0,"parameters":[]}],"span":0}]},
{"id":6,"members":[{"enemyId":15,"x":121,"y":403,"hidden":false},{"enemyId":15,"x":242,"y":337,"hidden":false},{"enemyId":15,"x":384,"y":388,"hidden":false},{"enemyId":15,"x":267,"y":433,"hidden":false}],"name":"Erros de ortografia","pages":[{"conditions":{"actorHp":50,"actorId":1,"actorValid":false,"enemyHp":50,"enemyIndex":0,"enemyValid":false,"switchId":1,"switchValid":false,"turnA":0,"turnB":0,"turnEnding":false,"turnValid":false},"list":[{"code":0,"indent":0,"parameters":[]}],"span":0}]},
{"id":7,"members":[{"enemyId":15,"x":121,"y":403,"hidden":false},{"enemyId":15,"x":242,"y":337,"hidden":false},{"enemyId":15,"x":384,"y":388,"hidden":false},{"enemyId":15,"x":267,"y":433,"hidden":false}],"name":"Erros de ortografia","pages":[{"conditions":{"actorHp":50,"actorId":1,"actorValid":false,"enemyHp":50,"enemyIndex":0,"enemyValid":false,"switchId":1,"switchValid":false,"turnA":0,"turnB":0,"turnEnding":false,"turnValid":false},"list":[{"code":0,"indent":0,"parameters":[]}],"span":0}]},
{"id":8,"members":[{"enemyId":13,"x":184,"y":436,"hidden":false},{"enemyId":14,"x":416,"y":337,"hidden":false},{"enemyId":15,"x":358,"y":444,"hidden":false}],"name":"Conjunto de Erros","pages":[{"conditions":{"actorHp":50,"actorId":1,"actorValid":false,"enemyHp":50,"enemyIndex":0,"enemyValid":false,"switchId":1,"switchValid":false,"turnA":0,"turnB":0,"turnEnding":false,"turnValid":false},"list":[{"code":0,"indent":0,"parameters":[]}],"span":0}]},
{"id":9,"members":[{"enemyId":14,"x":279,"y":444,"hidden":false}],"name":"Diagramas de Caso de Uso","pages":[{"conditions":{"actorHp":50,"actorId":1,"actorValid":false,"enemyHp":50,"enemyIndex":0,"enemyValid":false,"switchId":1,"switchValid":false,"turnA":0,"turnB":0,"turnEnding":false,"turnValid":false},"list":[{"code":0,"indent":0,"parameters":[]}],"span":0}]},
{"id":10,"members":[{"enemyId":13,"x":225,"y":424,"hidden":false}],"name":"Diagramas de Classes","pages":[{"conditions":{"actorHp":50,"actorId":1,"actorValid":false,"enemyHp":50,"enemyIndex":0,"enemyValid":false,"switchId":1,"switchValid":false,"turnA":0,"turnB":0,"turnEnding":false,"turnValid":false},"list":[{"code":0,"indent":0,"parameters":[]}],"span":0}]},
{"id":11,"members":[{"enemyId":16,"x":238,"y":436,"hidden":false},{"enemyId":16,"x":402,"y":364,"hidden":false}],"name":"Janelas de Erro","pages":[{"conditions":{"actorHp":50,"actorId":1,"actorValid":false,"enemyHp":50,"enemyIndex":0,"enemyValid":false,"switchId":1,"switchValid":false,"turnA":0,"turnB":0,"turnEnding":false,"turnValid":false},"list":[{"code":0,"indent":0,"parameters":[]}],"span":0}]},
{"id":12,"members":[{"enemyId":16,"x":268,"y":403,"hidden":false},{"enemyId":16,"x":309,"y":352,"hidden":false},{"enemyId":16,"x":348,"y":444,"hidden":false}],"name":"Janelas de Erro","pages":[{"conditions":{"actorHp":50,"actorId":1,"actorValid":false,"enemyHp":50,"enemyIndex":0,"enemyValid":false,"switchId":1,"switchValid":false,"turnA":0,"turnB":0,"turnEnding":false,"turnValid":false},"list":[{"code":0,"indent":0,"parameters":[]}],"span":0}]},
{"id":13,"members":[{"enemyId":17,"x":183,"y":406,"hidden":false}],"name":"Core Dumped","pages":[{"conditions":{"actorHp":50,"actorId":1,"actorValid":false,"enemyHp":50,"enemyIndex":0,"enemyValid":false,"switchId":1,"switchValid":false,"turnA":0,"turnB":0,"turnEnding":false,"turnValid":false},"list":[{"code":0,"indent":0,"parameters":[]}],"span":0}]},
{"id":14,"members":[{"enemyId":18,"x":207,"y":433,"hidden":false}],"name":"Tela Azul da Morte","pages":[{"conditions":{"actorHp":50,"actorId":1,"actorValid":false,"enemyHp":50,"enemyIndex":0,"enemyValid":false,"switchId":1,"switchValid":false,"turnA":0,"turnB":0,"turnEnding":false,"turnValid":false},"list":[{"code":0,"indent":0,"parameters":[]}],"span":0}]},
{"id":15,"members":[{"enemyId":17,"x":162,"y":418,"hidden":false},{"enemyId":16,"x":351,"y":388,"hidden":false},{"enemyId":18,"x":165,"y":367,"hidden":false}],"name":"Core Dumped, Janela de Erro, Tela Azul da Morte","pages":[{"conditions":{"actorHp":50,"actorId":1,"actorValid":false,"enemyHp":50,"enemyIndex":0,"enemyValid":false,"switchId":1,"switchValid":false,"turnA":0,"turnB":0,"turnEnding":false,"turnValid":false},"list":[{"code":0,"indent":0,"parameters":[]}],"span":0}]},
{"id":16,"members":[{"enemyId":16,"x":238,"y":436,"hidden":false},{"enemyId":16,"x":255,"y":361,"hidden":false},{"enemyId":16,"x":393,"y":400,"hidden":false},{"enemyId":16,"x":408,"y":444,"hidden":false}],"name":"Janelas de Erro","pages":[{"conditions":{"actorHp":50,"actorId":1,"actorValid":false,"enemyHp":50,"enemyIndex":0,"enemyValid":false,"switchId":1,"switchValid":false,"turnA":0,"turnB":0,"turnEnding":false,"turnValid":false},"list":[{"code":0,"indent":0,"parameters":[]}],"span":0}]},
{"id":17,"members":[{"enemyId":16,"x":238,"y":436,"hidden":false},{"enemyId":16,"x":294,"y":343,"hidden":false},{"enemyId":16,"x":498,"y":412,"hidden":false}],"name":"Janelas de Erro","pages":[{"conditions":{"actorHp":50,"actorId":1,"actorValid":false,"enemyHp":50,"enemyIndex":0,"enemyValid":false,"switchId":1,"switchValid":false,"turnA":0,"turnB":0,"turnEnding":false,"turnValid":false},"list":[{"code":0,"indent":0,"parameters":[]}],"span":0}]},
{"id":18,"members":[{"enemyId":17,"x":198,"y":442,"hidden":false},{"enemyId":17,"x":327,"y":370,"hidden":false},{"enemyId":16,"x":210,"y":364,"hidden":false}],"name":"Core Dumped*2, Janela de Erro","pages":[{"conditions":{"actorHp":50,"actorId":1,"actorValid":false,"enemyHp":50,"enemyIndex":0,"enemyValid":false,"switchId":1,"switchValid":false,"turnA":0,"turnB":0,"turnEnding":false,"turnValid":false},"list":[{"code":0,"indent":0,"parameters":[]}],"span":0}]},
{"id":19,"members":[{"enemyId":18,"x":162,"y":444,"hidden":false},{"enemyId":18,"x":312,"y":346,"hidden":false}],"name":"Dupla Tela Azul da Morte","pages":[{"conditions":{"actorHp":50,"actorId":1,"actorValid":false,"enemyHp":50,"enemyIndex":0,"enemyValid":false,"switchId":1,"switchValid":false,"turnA":0,"turnB":0,"turnEnding":false,"turnValid":false},"list":[{"code":0,"indent":0,"parameters":[]}],"span":0}]},
{"id":20,"members":[{"enemyId":16,"x":238,"y":436,"hidden":false},{"enemyId":16,"x":172,"y":403,"hidden":false},{"enemyId":17,"x":357,"y":259,"hidden":false}],"name":"Janela de Erro*2, Core Dumped","pages":[{"conditions":{"actorHp":50,"actorId":1,"actorValid":false,"enemyHp":50,"enemyIndex":0,"enemyValid":false,"switchId":1,"switchValid":false,"turnA":0,"turnB":0,"turnEnding":false,"turnValid":false},"list":[{"code":0,"indent":0,"parameters":[]}],"span":0}]},
{"id":21,"members":[{"enemyId":1,"x":408,"y":436,"hidden":false}],"name":"C++","pages":[{"conditions":{"actorHp":50,"actorId":1,"actorValid":false,"enemyHp":50,"enemyIndex":0,"enemyValid":false,"switchId":1,"switchValid":false,"turnA":0,"turnB":0,"turnEnding":false,"turnValid":false},"list":[{"code":0,"indent":0,"parameters":[]}],"span":0}]},
{"id":22,"members":[{"enemyId":2,"x":255,"y":436,"hidden":false},{"enemyId":2,"x":562,"y":436,"hidden":false}],"name":"C++","pages":[{"conditions":{"actorHp":50,"actorId":1,"actorValid":false,"enemyHp":50,"enemyIndex":0,"enemyValid":false,"switchId":1,"switchValid":false,"turnA":0,"turnB":0,"turnEnding":false,"turnValid":false},"list":[{"code":0,"indent":0,"parameters":[]}],"span":0}]},
{"id":23,"members":[{"enemyId":3,"x":364,"y":442,"hidden":false},{"enemyId":2,"x":267,"y":343,"hidden":false},{"enemyId":1,"x":306,"y":406,"hidden":false}],"name":"C++","pages":[{"conditions":{"actorHp":50,"actorId":1,"actorValid":false,"enemyHp":50,"enemyIndex":0,"enemyValid":false,"switchId":1,"switchValid":false,"turnA":0,"turnB":0,"turnEnding":false,"turnValid":false},"list":[{"code":0,"indent":0,"parameters":[]}],"span":0}]},
{"id":24,"members":[{"enemyId":3,"x":154,"y":412,"hidden":false},{"enemyId":1,"x":246,"y":358,"hidden":false},{"enemyId":1,"x":330,"y":444,"hidden":false}],"name":"C++","pages":[{"conditions":{"actorHp":50,"actorId":1,"actorValid":false,"enemyHp":50,"enemyIndex":0,"enemyValid":false,"switchId":1,"switchValid":false,"turnA":0,"turnB":0,"turnEnding":false,"turnValid":false},"list":[{"code":0,"indent":0,"parameters":[]}],"span":0}]},
{"id":25,"members":[{"enemyId":1,"x":214,"y":430,"hidden":false},{"enemyId":1,"x":206,"y":370,"hidden":false},{"enemyId":2,"x":355,"y":444,"hidden":false},{"enemyId":2,"x":372,"y":397,"hidden":false}],"name":"C++","pages":[{"conditions":{"actorHp":50,"actorId":1,"actorValid":false,"enemyHp":50,"enemyIndex":0,"enemyValid":false,"switchId":1,"switchValid":false,"turnA":0,"turnB":0,"turnEnding":false,"turnValid":false},"list":[{"code":0,"indent":0,"parameters":[]}],"span":0}]},
{"id":26,"members":[{"enemyId":4,"x":150,"y":439,"hidden":false},{"enemyId":4,"x":240,"y":388,"hidden":false}],"name":"Java","pages":[{"conditions":{"actorHp":50,"actorId":1,"actorValid":false,"enemyHp":50,"enemyIndex":0,"enemyValid":false,"switchId":1,"switchValid":false,"turnA":0,"turnB":0,"turnEnding":false,"turnValid":false},"list":[{"code":0,"indent":0,"parameters":[]}],"span":0}]},
{"id":27,"members":[{"enemyId":5,"x":282,"y":444,"hidden":false},{"enemyId":5,"x":189,"y":370,"hidden":false}],"name":"Java","pages":[{"conditions":{"actorHp":50,"actorId":1,"actorValid":false,"enemyHp":50,"enemyIndex":0,"enemyValid":false,"switchId":1,"switchValid":false,"turnA":0,"turnB":0,"turnEnding":false,"turnValid":false},"list":[{"code":0,"indent":0,"parameters":[]}],"span":0}]},
{"id":28,"members":[{"enemyId":6,"x":225,"y":421,"hidden":false}],"name":"Java","pages":[{"conditions":{"actorHp":50,"actorId":1,"actorValid":false,"enemyHp":50,"enemyIndex":0,"enemyValid":false,"switchId":1,"switchValid":false,"turnA":0,"turnB":0,"turnEnding":false,"turnValid":false},"list":[{"code":0,"indent":0,"parameters":[]}],"span":0}]},
{"id":29,"members":[{"enemyId":6,"x":207,"y":444,"hidden":false},{"enemyId":5,"x":387,"y":385,"hidden":false},{"enemyId":4,"x":369,"y":304,"hidden":false}],"name":"Java","pages":[{"conditions":{"actorHp":50,"actorId":1,"actorValid":false,"enemyHp":50,"enemyIndex":0,"enemyValid":false,"switchId":1,"switchValid":false,"turnA":0,"turnB":0,"turnEnding":false,"turnValid":false},"list":[{"code":0,"indent":0,"parameters":[]}],"span":0}]},
{"id":30,"members":[{"enemyId":6,"x":111,"y":436,"hidden":false},{"enemyId":4,"x":198,"y":361,"hidden":false},{"enemyId":4,"x":279,"y":334,"hidden":false},{"enemyId":4,"x":345,"y":397,"hidden":false}],"name":"Java","pages":[{"conditions":{"actorHp":50,"actorId":1,"actorValid":false,"enemyHp":50,"enemyIndex":0,"enemyValid":false,"switchId":1,"switchValid":false,"turnA":0,"turnB":0,"turnEnding":false,"turnValid":false},"list":[{"code":0,"indent":0,"parameters":[]}],"span":0}]},
{"id":31,"members":[{"enemyId":7,"x":138,"y":424,"hidden":false},{"enemyId":7,"x":198,"y":379,"hidden":false},{"enemyId":7,"x":357,"y":339,"hidden":false},{"enemyId":7,"x":285,"y":358,"hidden":false}],"name":"PHP","pages":[{"conditions":{"actorHp":50,"actorId":1,"actorValid":false,"enemyHp":50,"enemyIndex":0,"enemyValid":false,"switchId":1,"switchValid":false,"turnA":0,"turnB":0,"turnEnding":false,"turnValid":false},"list":[{"code":0,"indent":0,"parameters":[]}],"span":0}]},
{"id":32,"members":[{"enemyId":8,"x":175,"y":444,"hidden":false},{"enemyId":8,"x":258,"y":385,"hidden":false}],"name":"PHP","pages":[{"conditions":{"actorHp":50,"actorId":1,"actorValid":false,"enemyHp":50,"enemyIndex":0,"enemyValid":false,"switchId":1,"switchValid":false,"turnA":0,"turnB":0,"turnEnding":false,"turnValid":false},"list":[{"code":0,"indent":0,"parameters":[]}],"span":0}]},
{"id":33,"members":[{"enemyId":9,"x":129,"y":444,"hidden":false},{"enemyId":9,"x":204,"y":400,"hidden":false}],"name":"PHP","pages":[{"conditions":{"actorHp":50,"actorId":1,"actorValid":false,"enemyHp":50,"enemyIndex":0,"enemyValid":false,"switchId":1,"switchValid":false,"turnA":0,"turnB":0,"turnEnding":false,"turnValid":false},"list":[{"code":0,"indent":0,"parameters":[]}],"span":0}]},
{"id":34,"members":[{"enemyId":8,"x":338,"y":409,"hidden":false},{"enemyId":9,"x":206,"y":352,"hidden":false},{"enemyId":7,"x":295,"y":286,"hidden":false},{"enemyId":7,"x":98,"y":415,"hidden":false}],"name":"PHP","pages":[{"conditions":{"actorHp":50,"actorId":1,"actorValid":false,"enemyHp":50,"enemyIndex":0,"enemyValid":false,"switchId":1,"switchValid":false,"turnA":0,"turnB":0,"turnEnding":false,"turnValid":false},"list":[{"code":0,"indent":0,"parameters":[]}],"span":0}]},
{"id":35,"members":[{"enemyId":8,"x":120,"y":436,"hidden":false},{"enemyId":8,"x":231,"y":379,"hidden":false},{"enemyId":7,"x":353,"y":444,"hidden":false},{"enemyId":7,"x":457,"y":361,"hidden":false}],"name":"PHP","pages":[{"conditions":{"actorHp":50,"actorId":1,"actorValid":false,"enemyHp":50,"enemyIndex":0,"enemyValid":false,"switchId":1,"switchValid":false,"turnA":0,"turnB":0,"turnEnding":false,"turnValid":false},"list":[{"code":0,"indent":0,"parameters":[]}],"span":0}]},
{"id":36,"members":[{"enemyId":10,"x":309,"y":399,"hidden":false},{"enemyId":10,"x":312,"y":352,"hidden":false},{"enemyId":10,"x":291,"y":444,"hidden":false}],"name":"JavaScript","pages":[{"conditions":{"actorHp":50,"actorId":1,"actorValid":false,"enemyHp":50,"enemyIndex":0,"enemyValid":false,"switchId":1,"switchValid":false,"turnA":0,"turnB":0,"turnEnding":false,"turnValid":false},"list":[{"code":0,"indent":0,"parameters":[]}],"span":0}]},
{"id":37,"members":[{"enemyId":11,"x":296,"y":444,"hidden":false},{"enemyId":11,"x":416,"y":376,"hidden":false}],"name":"JavaScript","pages":[{"conditions":{"actorHp":50,"actorId":1,"actorValid":false,"enemyHp":50,"enemyIndex":0,"enemyValid":false,"switchId":1,"switchValid":false,"turnA":0,"turnB":0,"turnEnding":false,"turnValid":false},"list":[{"code":0,"indent":0,"parameters":[]}],"span":0}]},
{"id":38,"members":[{"enemyId":12,"x":281,"y":402,"hidden":false},{"enemyId":12,"x":383,"y":301,"hidden":false}],"name":"JavaScript","pages":[{"conditions":{"actorHp":50,"actorId":1,"actorValid":false,"enemyHp":50,"enemyIndex":0,"enemyValid":false,"switchId":1,"switchValid":false,"turnA":0,"turnB":0,"turnEnding":false,"turnValid":false},"list":[{"code":0,"indent":0,"parameters":[]}],"span":0}]},
{"id":39,"members":[{"enemyId":12,"x":285,"y":444,"hidden":false},{"enemyId":11,"x":294,"y":343,"hidden":false},{"enemyId":10,"x":360,"y":349,"hidden":false}],"name":"JavaScript","pages":[{"conditions":{"actorHp":50,"actorId":1,"actorValid":false,"enemyHp":50,"enemyIndex":0,"enemyValid":false,"switchId":1,"switchValid":false,"turnA":0,"turnB":0,"turnEnding":false,"turnValid":false},"list":[{"code":0,"indent":0,"parameters":[]}],"span":0}]},
{"id":40,"members":[{"enemyId":11,"x":179,"y":444,"hidden":true},{"enemyId":11,"x":345,"y":378,"hidden":true},{"enemyId":10,"x":472,"y":303,"hidden":false},{"enemyId":10,"x":287,"y":432,"hidden":false}],"name":"JavaScript","pages":[{"conditions":{"actorHp":50,"actorId":1,"actorValid":false,"enemyHp":50,"enemyIndex":0,"enemyValid":false,"switchId":1,"switchValid":false,"turnA":0,"turnB":0,"turnEnding":false,"turnValid":false},"list":[{"code":0,"indent":0,"parameters":[]}],"span":0}]}
]